code,evidence,reliability,numTM,length,sequence,topology
MS3_00002488.1_mrna,notTm,0,0,689,MSLGIMKNMNYYLITSFILLNNGLSFKTNTIDNVNNIHLQSSIENTMINNNNSNLVHTDLHNDKTITCLSDNPIVHTSVGIYCGLREIVHWPNGPASMVDVYYGIRYAQSPTGSLRFKKPVEPIPEPKKIFMADKLPSTCPQPKDTMFQNSAAARMWVPNTPMSEDCLFLNIWVPLKESNSSHSNSKEKLAVMLWIYGGSFYMGTATLSVYDARFLAARQNVIVASMNYRLGSFGFLYMNTEEAPGNMGLWDQRLAMKWIKNHIENFGGDSHRITLFGESAGAVSVSTHVVSPWSHSYYNNAIMQSGSIFSNWGLATSEVSLNQTQRLAKILGCGYRSSMDQIKCLRSKSITEILDAHDTMYDPASYFSVPFPPVLDNNFFPYENSQSFRQLKYLKPSGALMFGINKNEGSYFLLYAFVSNSKWMKNLTDLPITNRMDYLRCLRQVLDLDDDDRPEFTEPLIRYTDFEYQTYQQLPTLESWTERLEEISSDRSFKCPTINMATAVTNDYRIPGRRRAHTLPVYFYEFQHRTLSLPMPKWTGTMHGYEIEYVFGIPFSPQFQASFYRFTDEERQLSDIMMTYWANFARTGDPNILPDGRHVTDNVNPEGPDEITGGELEDSLNHKQGRKNPFIGWPEFRNSTKAYIVFRSAPANLLVSTRPRHRQCLFWRRWYPALLQQVERNRQHCLGV,##Not_transmembrane_protein
MS3_00005159.1_mrna,notTm,0,0,346,MGTVDEDPSEIQLPEIVDELDYQYRTANWLIKTREPFCLGDDVRGQLMSLLRKQSELSRTLFKDKGVFKVPFNESMLFKEDGYGEYALDWFPPSDQSIIPTNIVVYVHGGYWQLVGWEESSSWAVPVTNADSIFVSLSYRLAPKEKLEAMPQSLCLGMQKVITLTHKMFGNLDYTKLRITLVGHSAGAHLVLEMLYWAHMELKSNNNWLCCLQNLVLMSGVYDLRPIIHTYVNKAIKFKTVGEALSVSPIRHFMQDGPNLLLSKSLHWIVAWAEYESPAMKEQSKSLAELLSNASRSGQGSHLQFTYETFYMSNEDHFTSLLGLHDGPTHSAILKKIIDLIKAKPI,##Not_transmembrane_protein
MS3_00005797.1_mrna,notTm,0,0,844,MQIMLISVDENKESLDSSECIQMVRLCSELHLQCRTYLTIIRTNLEIDNENTESSQSESDIVCALRKLHALLNSGFSSRIKYLYSIAGDYDFGSLRANGIRSFLAITTRCSAVLLMYIRQMSSYSLSNWSGITHKSVIAYINCLMELSLCLEVLSYLPRFTKPCTLFPRSEFVDLPEIGHCDVSSFDDKPTNITDAYSTVKSKQHQEDLSEFYRLEVLSDSIKQEYFYGRCLAFYLCPSAQRILLFLNSFMAGYGNSFLTSKQGIVSLVNTVYRSVTSYLSPEDRGKMLAKLTRNSSVQFCKAFWNLAELRVVSEAPNVILPSMAVARSFKLQTKSLKIPLDMNIRENGREFIVIEPPKSHFGTAPLGMRILCRHLRSGLEWTRTSESPKFFESPNCINQSNHHSSRNSVSPLLSYNSRFFPSNDSSSVVLSSSNDRRYSYESFKFSNTSTDNNTNKSPYILFYVHGGGFIALTSQSQDNFLRIWAEQLNCPIIAVDYSLSPEAPYPRALEECYYAYCWITLNREKLGCTSDAKIVLAGDSAGGNLALGVCMRAVRDGLLNKPNGIFLAYTPVLVSFTPSPSRLLSLCDPLLPIGVLAKCLLAYAGIDEATLDSDELDDDFEVDKNPSNLTTEPNSPIWSRLFSTLWSNPSKLDLNNSKELKIGHLRRYSNITMSPLYDAYLQNPKDQSVPSNLCRLSEESHSSHKSPKLNKSEKDKSPDHNEDECTPILKHPHRPRTDLNRIRNIHLTQNGFMSPYLASDDMLRGLPPVVFVCSQFDPFLDDGLELAKRLSKLDVSVDVRVLDNLPHAFLNFCLLGPEFQIANKICIELVKNLFNEYYIKNNE,##Not_transmembrane_protein
MS3_00005797.2_mrna,notTm,0,0,700,MELSLCLEVLSYLPRFTKPCTLFPRSEFVDLPEIGHCDVSSFDDKPTNITDAYSTVKSKQHQEDLSEFYRLEVLSDSIKQEYFYGRCLAFYLCPSAQRILLFLNSFMAGYGNSFLTSKQGIVSLVNTVYRSVTSYLSPEDRGKMLAKLTRNSSVQFCKAFWNLAELRVVSEAPNVILPSMAVARSFKLQTKSLKIPLDMNIRENGREFIVIEPPKSHFGTAPLGMRILCRHLRSGLEWTRTSESPKFFESPNCINQSNHHSSRNSVSPLLSYNSRFFPSNDSSSVVLSSSNDRRYSYESFKFSNTSTDNNTNKSPYILFYVHGGGFIALTSQSQDNFLRIWAEQLNCPIIAVDYSLSPEAPYPRALEECYYAYCWITLNREKLGCTSDAKIVLAGDSAGGNLALGVCMRAVRDGLLNKPNGIFLAYTPVLVSFTPSPSRLLSLCDPLLPIGVLAKCLLAYAGIDEATLDSDELDDDFEVDKNPSNLTTEPNSPIWSRLFSTLWSNPSKLDLNNSKELKIGHLRRYSNITMSPLYDAYLQNPKDQSVPSNLCRLSEESHSSHKSPKLNKSEKDKSPDHNEDECTPILKHPHRPRTDLNRIRNIHLTQNGFMSPYLASDDMLRGLPPVVFVCSQFDPFLDDGLELAKRLSKLDVSVDVRVLDNLPHAFLNFCLLGPEFQIANKICIELVKNLFNEYYIKNNE,##Not_transmembrane_protein
MS3_00009655.1_mrna,notTm,0,0,768,MFLVSPLNFEIFCSCLQLLPVISWADQFVIRTNYGAVSGKQKYIHGKNVFQFLGIPFAKPPIGDLRFRFPEPPDPWSNILDATKPPNTCMQPLPESQEFLDATTRVWLNTTKMSEDCLYLNIWTRANNNYSHDIGDRKHMMLESSAIFGPKGGRPVMVWIHGGSLIRGSSSIEMYNGAYLAGKMNVVVVSIQYRLGPLGFLYLGNDEIPGNQGLMDQVAGLQWVRENIAYFGGNPQQITLFGHSGGVICVALHLISPISNHLFQQAILQSGSPLAWWAVESSHTALEKTRLLAQLSGCNAVTDSNGQYSKELVKCLRSVESETLVINQWHMHLLRNGENSSRTNQLKKLYRNRASHHLLSTAGYYFDVPFKPVVSAPFLPEWPYEVLGSGKLNIRHRIMLGVNKDEGMYHLVQSLRMYFMSPGLWPQMPREFRHDIALMDPLDLLAFYIMDENFLQSVLLQATVFEYQIPSRALGTGSWTSLEVVKALNEVGGDYNIKCPVVEFADFYSRGPNAQVFLYSFEHRTTGLTWPEWTGVMQGYEAEYIFGAPFNQAFIDHYYNFTLEEKRLSEEIMQFWTNFASTGSPNLNPGEFHTRNKELYWDRYETYSPQSVAVLSESSSSSSSSSSSSSSPSLGISGVSVSSVSSSEISSFKTRNDDSRKHMVFTLPRSYISKNLRRHYCMFWREQLPMLRERILYNSACKSRQPTTQHEMTGNINKQSIESFGTLYPNIIKSSELNTTKRNQASYNLQLKVNYILSLYIIYYYCYY,##Not_transmembrane_protein
MS3_00010569.1_mrna,Prediction,94,1,967,MITMVVYFGTCKVSRLTICLLLIELASTQNWWNFESYINPFKLPVFTPLPNQRFTHIPEVNQYVPMPNDVVVDIPRAGMGKFIGFSTTINYGHTWSRWQPTSGRLINAFLGIPYAAPPTDGRRFRFPVPAYLDTRFPWFAKRFRSACMQPYIWLSRFIPGFTDISEDCLYLNIYYPNNTLDASNTRYPVIVHIHGGSYVYGSSHMYPGLALASKGLVVVTFNYRLGPFGFLATGDHASIGNYGLWDQLLAITWVKQNIEWFQGDPEKITLMGESAGAASVGLHLISPLTRERYLFNQAIMMSGSDLSQWAFSDPAKVRTRYYAIELAQRLNCSSVQINAINESQQYIRNANLHRSYTNKTLKLPFGESYVKQPLTIPYSVQVDAYALIYCLRYEKTAEQINDAVLELHSLPGAPSFVWTPVVDGISGFFPRTPAKERSLGNFAKIPLLAGVVQDEGSLALEHFLYQLDQYGYTIENFTDTIVRRFIGTLLNDLNVFRHNQTAEELYTRYTWWSNLENNTARWKRTVDLVSDMEIISPLDSIVKYHSVYSPSVYFYEFSYSSPNDKQATPEIGIYHGIELPFLFGFPFMNKSIWLTLFGENNPLPRCVSDNYVYPYDTNISEYLLDLWANFVKYGNPTPQNVKNIKWPNFKQPEEAYLHIELNSSIKYHYRSSDMAFWRYRFEELAEPVPASPPIYYYPLINVRLTTLVLGCLLSVALISLIIIIVLLMKRPQPKQFKSSIRHSTPGSEFHSLLKDSFSNRNVYSTKMSTIPWTQPPTTTTTSILQPLTIRPTLKPPPKLPRISSFAYLKSNDQIRQKQLSLSNSTTSCTSYHISLYSEEKFPNRLSTKQNNTNKHPLPPPVPSNRVKSASGSSNASLSLISSSSSSPTLGSSMRTSKLHSQRQIKHKHDKNRLLHGDDHDVVMNRKESKSSDRLLYTRHTMKNNSIALPTTDIHNNNYDYNPYVTDV,SSSSSSSSSSSSSSSSSSSSSSSSSSSSSOOOOOOOOOOOOOOOOOOOOOOOOOOOOOOOOOOOOOOOOOOOOOOOOOOOOOOOOOOOOOOOOOOOOOOOOOOOOOOOOOOOOOOOOOOOOOOOOOOOOOOOOOOOOOOOOOOOOOOOOOOOOOOOOOOOOOOOOOOOOOOOOOOOOOOOOOOOOOOOOOOOOOOOOOOOOOOOOOOOOOOOOOOOOOOOOOOOOOOOOOOOOOOOOOOOOOOOOOOOOOOOOOOOOOOOOOOOOOOOOOOOOOOOOOOOOOOOOOOOOOOOOOOOOOOOOOOOOOOOOOOOOOOOOOOOOOOOOOOOOOOOOOOOOOOOOOOOOOOOOOOOOOOOOOOOOOOOOOOOOOOOOOOOOOOOOOOOOOOOOOOOOOOOOOOOOOOOOOOOOOOOOOOOOOOOOOOOOOOOOOOOOOOOOOOOOOOOOOOOOOOOOOOOOOOOOOOOOOOOOOOOOOOOOOOOOOOOOOOOOOOOOOOOOOOOOOOOOOOOOOOOOOOOOOOOOOOOOOOOOOOOOOOOOOOOOOOOOOOOOOOOOOOOOOOOOOOOOOOOOOOOOOOOOOOOOOOOOOOOOOOOOOOOOOOOOOOOOOOOOOOOOOOOOOOOOOOOOOOOOOOOOOOOOOOOOOOOOOOOOOOOOOOOOOOOOOOOOOOOOOOOOOOOOOOOOOOOOOOOOOOOOOOOOOOOOOOOOOMMMMMMMMMMMMMMMMMMMMMIIIIIIIIIIIIIIIIIIIIIIIIIIIIIIIIIIIIIIIIIIIIIIIIIIIIIIIIIIIIIIIIIIIIIIIIIIIIIIIIIIIIIIIIIIIIIIIIIIIIIIIIIIIIIIIIIIIIIIIIIIIIIIIIIIIIIIIIIIIIIIIIIIIIIIIIIIIIIIIIIIIIIIIIIIIIIIIIIIIIIIIIIIIIIIIIIIIIIIIIIIIIIIIIIIIIIIIIIIIIIIIIIIIIIIIIIIIIIIII
EWB00_004739.2,notTm,0,0,681,MNMIYIAINYYIILHSFLLCNVETLQNVNKVYMTSIQNTVINKSISGDSDVHNEKTSICSSDNPITHTSVGIYCGQREIVHWPNGPASIVDVYYGIRYAQSPTGSLRFRKPIEPIPEPKTIFMADKLPASCPQPKDTMFQNSAAARMWVPNTPMSEDCLFLNIWVPLRESNESHSNSKEKLAVMLWIYGGSFYMGTATLSVYDARFLAARQNIIVASMNYRLGSFGFLYMNTEEAPGNMGLWDQRLAMKWIKDHIEDFGGDPYRITLFGESAGAVSVSTHVVSPWSHSYYNNAIMQSGSIFSNWGLATSEISLNQTQRLAKILGCVYPSPSDQIKCLRSKSITEILDAHDTMYDPASYFSVPFPPVLDNNFFPYENSQSFRQLRHLKPSGALMFGINKNEGSYFLLYAFVTNSKWMKNMTDLPIKNRMDYLRCLRQVLDLDDDDRPEFTEPLIRYTDFEYQNYNQLPTLESWTERLEEISSDRSFKCPTINMATAVTNDYRIPGRRRAHTLPVYFYEFQHRTLSLPMPKWTGTMHGYEIEYVFGIPFSPQFQASYYRFTDEERQLSDIMMTYWANFARTGDPNILPDGRHVTDNENAEDSDELIEDEFENSVNLKQRRKNPFIGWPEFRNSTKAYIIFRSAPGNLLVGTRPRHRQCLFWRRWYPALLQQGNLSFIIICLFL,##Not_transmembrane_protein
EWB00_004739.3,notTm,0,0,580,MNMIYIAINYYIILHSFLLCNVETLQNVNKVYMTSIQNTVINKSISGDSDVHNEKTSICSSDNPITHTSVGIYCGQREIVHWPNGPASIVDVYYGIRYAQSPTGSLRFRKPIEPIPEPKTIFMADKLPASCPQPKDTMFQNSAAARMWVPNTPMSEDCLFLNIWVPLRESNESHSNSKEKLAVMLWIYGGSFYMGTATLSVYDARFLAARQNIIVASMNYRLGSFGFLYMNTEEAPGNMGLWDQRLAMKWIKDHIEDFGGDPYRITLFGESAGAVSVSTHVVSPWSHSYYNNAIMQSGSIFSNWGLATSEISLNQTQRLAKILGCVYPSPSDQIKCLRSKSITEILDAHDTMYDPASYFSVPFPPVLDNNFFPYENSQSFRQLRHLKPSGALMFGINKNEGSYFLLYAFVTNSKWMKNMTDLPIKNRMDYLRCLRQVLDLDDDDRPEFTEPLIRYTDFEYQNYNQLPTLESWTERLEEISSDRSFKCPTINMATAVTNDYRIPGRRRAHTLPVYFYEFQHRTLSLPMPKWTGTMHGYEIEYVFGIPFSPQFQASYYRFTDEERQLSDIMMTYWANFARTG,##Not_transmembrane_protein
EWB00_004739.2,notTm,0,0,681,MNMIYIAINYYIILHSFLLCNVETLQNVNKVYMTSIQNTVINKSISGDSDVHNEKTSICSSDNPITHTSVGIYCGQREIVHWPNGPASIVDVYYGIRYAQSPTGSLRFRKPIEPIPEPKTIFMADKLPASCPQPKDTMFQNSAAARMWVPNTPMSEDCLFLNIWVPLRESNESHSNSKEKLAVMLWIYGGSFYMGTATLSVYDARFLAARQNIIVASMNYRLGSFGFLYMNTEEAPGNMGLWDQRLAMKWIKDHIEDFGGDPYRITLFGESAGAVSVSTHVVSPWSHSYYNNAIMQSGSIFSNWGLATSEISLNQTQRLAKILGCVYPSPSDQIKCLRSKSITEILDAHDTMYDPASYFSVPFPPVLDNNFFPYENSQSFRQLRHLKPSGALMFGINKNEGSYFLLYAFVTNSKWMKNMTDLPIKNRMDYLRCLRQVLDLDDDDRPEFTEPLIRYTDFEYQNYNQLPTLESWTERLEEISSDRSFKCPTINMATAVTNDYRIPGRRRAHTLPVYFYEFQHRTLSLPMPKWTGTMHGYEIEYVFGIPFSPQFQASYYRFTDEERQLSDIMMTYWANFARTGDPNILPDGRHVTDNENAEDSDELIEDEFENSVNLKQRRKNPFIGWPEFRNSTKAYIIFRSAPGNLLVGTRPRHRQCLFWRRWYPALLQQGNLSFIIICLFL,##Not_transmembrane_protein
EWB00_004739.3,notTm,0,0,580,MNMIYIAINYYIILHSFLLCNVETLQNVNKVYMTSIQNTVINKSISGDSDVHNEKTSICSSDNPITHTSVGIYCGQREIVHWPNGPASIVDVYYGIRYAQSPTGSLRFRKPIEPIPEPKTIFMADKLPASCPQPKDTMFQNSAAARMWVPNTPMSEDCLFLNIWVPLRESNESHSNSKEKLAVMLWIYGGSFYMGTATLSVYDARFLAARQNIIVASMNYRLGSFGFLYMNTEEAPGNMGLWDQRLAMKWIKDHIEDFGGDPYRITLFGESAGAVSVSTHVVSPWSHSYYNNAIMQSGSIFSNWGLATSEISLNQTQRLAKILGCVYPSPSDQIKCLRSKSITEILDAHDTMYDPASYFSVPFPPVLDNNFFPYENSQSFRQLRHLKPSGALMFGINKNEGSYFLLYAFVTNSKWMKNMTDLPIKNRMDYLRCLRQVLDLDDDDRPEFTEPLIRYTDFEYQNYNQLPTLESWTERLEEISSDRSFKCPTINMATAVTNDYRIPGRRRAHTLPVYFYEFQHRTLSLPMPKWTGTMHGYEIEYVFGIPFSPQFQASYYRFTDEERQLSDIMMTYWANFARTG,##Not_transmembrane_protein
EWB00_005265,notTm,0,0,340,MPNDVVVDIPKAGIGKFIGFSTTINYDYTWSQWPPFNGRLVNIFLGIPYAAPPIDGQRFRVPVPAYLDTRYPWFAKRFRSACMQPHIWLSRFIPGFTDISEDCLYLNIYSPNNTLDDPNIRYPVIVHIHGGSYVYGSSHMYPGLALASKGIVVVTFNYRLGPFGFLSTGDHASVGNYGLWDQLLAITWVKENIEWFRGDPDRITLMGESAGAASVGLHLVSPLTRERYLFNQAIMMSGADLSQWAFSDPVKVRTRYYAIELAQRLGCPSVQTHAINESQQQVRTANPHRSFSSKTFKLPFGESYVKQHSTIPYSVQVDAYSLIYCLRYEKTAEEINNVIL,##Not_transmembrane_protein
EWB00_005847.1,Prediction,72,1,687,MPQNRLILVCSPYPNHREFVDATTRVWLNTTKMSEDCLYLNIWTRANNNYSHDVGNQEHLMLESSAIFGPKGGRPVMVWIHGGSLIRGSSSTEMYNGAYLAGKMNIVVVSIQYRLGPLGFLYLGNSEIPGNQGLMDQVAALQWIRENIAYFGGNPQQITLFGHSGGVVCVALHLISPISNPLFQQAILQSGSPLAWWAVESSHTALEKTRLLAHLSGCNTINDANGQYSKDLVNCLRSVDSETLVINQWHMHLLRNGENSSRTNQLKKLYRNRASHHLLSTAGYYFDVPFKPVVSAPFLPEWPYEVLGSGKLNIRHRIMLGVNKDEGMYHLVQSLRMYFMSPGLWPQMPKEFRHDIALMDPLDLLAFYIMDENFLQSVLLQATIFEYQIPSRALGTSSWTSLEVVKALNEVGGDYNIKCPVVEFADFYSRGSNTQVFLYSFEHRTSGLTWPEWTGVMQGYEAEYIFGAPFNQAFTDNYYNFTPEEKRLSEEMMQFWTNFASTGSPNLNPGEFHTRNKELYWDRYETHSPHSVAILSELSSLSLGKAATSESPTGMPSISPSSSLASEMTSSSKVRHDDSRKHMVFTLPRSYMSKNLRRHYCMFWREQLPMLRERILYNSACKSNQQKAHTDDHKRRVEAFGTLYPNIMKPIEYNTTNNQVSNNLHSTYININFIFSLCITYYYYNYY,IIIIIIIIIIIIIIIIIIIIIIIIIIIIIIIIIIIIIIIIIIIIIIIIIIIIIIIIIIIIIIIIIIIIIIIIIIIIIIIIIIIIIIIIIIIIIIIIIIIIIIIIIIIIIIIIIIIIIIIIIIIIIIIIIIIIIIIIIIIIIIIIIIIIIIIIIIIIIIIIIIIIIIIIIIIIIIIIIIIIIIIIIIIIIIIIIIIIIIIIIIIIIIIIIIIIIIIIIIIIIIIIIIIIIIIIIIIIIIIIIIIIIIIIIIIIIIIIIIIIIIIIIIIIIIIIIIIIIIIIIIIIIIIIIIIIIIIIIIIIIIIIIIIIIIIIIIIIIIIIIIIIIIIIIIIIIIIIIIIIIIIIIIIIIIIIIIIIIIIIIIIIIIIIIIIIIIIIIIIIIIIIIIIIIIIIIIIIIIIIIIIIIIIIIIIIIIIIIIIIIIIIIIIIIIIIIIIIIIIIIIIIIIIIIIIIIIIIIIIIIIIIIIIIIIIIIIIIIIIIIIIIIIIIIIIIIIIIIIIIIIIIIIIIIIIIIIIIIIIIIIIIIIIIIIIIIIIIIIIIIIIIIIIIIIIIIIIIIIIIIIIIIIIIIIIIIIIIIIIIIIIIIIIIIIIIIIIIIIIIIIIIIIIIIIIIIIIIIIIIIIIIIIIIIIIIIIIIIIIIIIIIIIIIIIIIIIIIIIIIIIIIIMMMMMMMMMMMMMMMMMMMOOO
EWB00_005847.2,Prediction,60,1,767,MFLLSPINFSIFYSCLQFLPIILWADHIVIRTNYGAVSGKQRYIYGKNVFQFLGIPFAKPPIGDLRFKFPEPPDPWTKILDATKPPNTCMQPLPESQEFVDATTRVWLNTTKMSEDCLYLNIWTRANNNYSHDVGNQEHLMLESSAIFGPKGGRPVMVWIHGGSLIRGSSSTEMYNGAYLAGKMNIVVVSIQYRLGPLGFLYLGNSEIPGNQGLMDQVAALQWIRENIAYFGGNPQQITLFGHSGGVVCVALHLISPISNPLFQQAILQSGSPLAWWAVESSHTALEKTRLLAHLSGCNTINDANGQYSKDLVNCLRSVDSETLVINQWHMHLLRNGENSSRTNQLKKLYRNRASHHLLSTAGYYFDVPFKPVVSAPFLPEWPYEVLGSGKLNIRHRIMLGVNKDEGMYHLVQSLRMYFMSPGLWPQMPKEFRHDIALMDPLDLLAFYIMDENFLQSVLLQATIFEYQIPSRALGTSSWTSLEVVKALNEVGGDYNIKCPVVEFADFYSRGSNTQVFLYSFEHRTSGLTWPEWTGVMQGYEAEYIFGAPFNQAFTDNYYNFTPEEKRLSEEMMQFWTNFASTGSPNLNPGEFHTRNKELYWDRYETHSPHSVAILSELSSLSLGKAATSESPTGMPSISPSSSLASEMTSSSKVRHDDSRKHMVFTLPRSYMSKNLRRHYCMFWREQLPMLRERILYNSACKSNQQKAHTDDHKRRVEAFGTLYPNIMKPIEYNTTNNQVSNNLHSTYININFIFSLCITYYYYNYY,OOOOOOOOOOOOOOOOOOOOOOOOOOOOOOOOOOOOOOOOOOOOOOOOOOOOOOOOOOOOOOOOOOOOOOOOOOOOOOOOOOOOOOOOOOOOOOOOOOOOOOOOOOOOOOOOOOOOOOOOOOOOOOOOOOOOOOOOOOOOOOOOOOOOOOOOOOOOOOOOOOOOOOOOOOOOOOOOOOOOOOOOOOOOOOOOOOOOOOOOOOOOOOOOOOOOOOOOOOOOOOOOOOOOOOOOOOOOOOOOOOOOOOOOOOOOOOOOOOOOOOOOOOOOOOOOOOOOOOOOOOOOOOOOOOOOOOOOOOOOOOOOOOOOOOOOOOOOOOOOOOOOOOOOOOOOOOOOOOOOOOOOOOOOOOOOOOOOOOOOOOOOOOOOOOOOOOOOOOOOOOOOOOOOOOOOOOOOOOOOOOOOOOOOOOOOOOOOOOOOOOOOOOOOOOOOOOOOOOOOOOOOOOOOOOOOOOOOOOOOOOOOOOOOOOOOOOOOOOOOOOOOOOOOOOOOOOOOOOOOOOOOOOOOOOOOOOOOOOOOOOOOOOOOOOOOOOOOOOOOOOOOOOOOOOOOOOOOOOOOOOOOOOOOOOOOOOOOOOOOOOOOOOOOOOOOOOOOOOOOOOOOOOOOOOOOOOOOOOOOOOOOOOOOOOOOOOOOOOOOOOOOOOOOOOOOOOOOOOOOOOOOOOOOOOOOOOOOOOOOOOOOOOOOOOOOOOOOOOOOOOOOOOOOOOOOOOOOOOOOOOOOOOOOOOOOOOOOOOOOOOOOOOOMMMMMMMMMMMMMMMMMIII
EWB00_005847.3,Prediction,79,1,307,MFLLSPINFSIFYSCLQFLPIILWADHIVIRTNYGAVSGKQRYIYGKNVFQFLGIPFAKPPIGDLRFKFPEPPDPWTKILDATKPPNTCMQPLPESQEFVDATTRVWLNTTKMSEDCLYLNIWTRANNNYSHDVGNQEHLMLESSAIFGPKGGRPVMVWIHGGSLIRGSSSTEMYNGAYLAGKMNIVVVSIQYRLGPLGFLYLGNSEIPGNQGLMDQVAALQWIRENIAYFGGNPQQITLFGHSGGVVCVALHLISPISNPLFQQAILQSGSPLAWWAVESSHTALEKASYSRLYFTMNKVKTMILV,OMMMMMMMMMMMMMMMMMMMMMIIIIIIIIIIIIIIIIIIIIIIIIIIIIIIIIIIIIIIIIIIIIIIIIIIIIIIIIIIIIIIIIIIIIIIIIIIIIIIIIIIIIIIIIIIIIIIIIIIIIIIIIIIIIIIIIIIIIIIIIIIIIIIIIIIIIIIIIIIIIIIIIIIIIIIIIIIIIIIIIIIIIIIIIIIIIIIIIIIIIIIIIIIIIIIIIIIIIIIIIIIIIIIIIIIIIIIIIIIIIIIIIIIIIIIIIIIIIIIIIIIIIIIIIIIIIIIIIIIIIIIIIIIIIIIIIIIIIIIIIIIIII
EWB00_006232.1,notTm,0,0,808,MIRLCSDLHLQCRTYLAIIQTNFTLTDDGTKCSQPKSDVASALKRLLNLLNSGFPERIKYLYTIASNYDFGSLRANGIRSFLTITMRCCAVLLTFIRQMSSYSISNWSGITHWSVIAYINCLMELSVILEVLSSLPRFTNPSSLFPRSEFVDLPEIGQCDVSSFDNNPTSSVKASNPTTKSKQYQEDLLEYYRLEALTDNIKQEYFYGRCLAFYLCPSAQRILLFLNSFMAGYGNSFLTSKQGIVSLVNTVYRSVTSYLSPEDRGKMLAKLTRKSSVQFCKAFWNLAELRVVSEAPNVILPSMAVAHSFKLQTKSLQLPLDLNGQENGKEFINIQPPKSHIGTVPLGMRILCRHLRCGLEWARKNESPKFFDSPNFIHQESHHSRTNSIPSYNSWLYPSDDSFNVLDSLNDRRYSYTSFKVLNASKENNTSSKRSPYILFYIHGGGFIALTSQSQDNFLRVWAEQLDCPIIAVDYSLSPEAPYPRALEECYYAYCWITLNREYLGCTPDAKIVLAGDSAGGNLALGVCMRVTCDGLLNKPTGIFLAYTPVLVSLAPSPSRLLSFCDPLLPIGVLSKCLLAYAGVDEATLNCDELTDSKIDDDSANLTSQQNSPIWSRLLSTFWSNTSKEVQTGHFRRYSSISLFPSYGGGDDYFHKQRDQSIPSNLCRLSEEYDTPHKSLKLNESESSKLNSNSQRSKSKMSTSSSSPEYFNCTNFSIKEDEAEEKADNNNNNDSNNSGCNGDEESTPLKHINRPLTDLNRVRNIHIVQNAFISPYLASDDMLRGLPPIVIVVSGMGFICELSLLTPT,##Not_transmembrane_protein
EWB00_006232.2,notTm,0,0,861,MIRLCSDLHLQCRTYLAIIQTNFTLTDDGTKCSQPKSDVASALKRLLNLLNSGFPERIKYLYTIASNYDFGSLRANGIRSFLTITMRCCAVLLTFIRQMSSYSISNWSGITHWSVIAYINCLMELSVILEVLSSLPRFTNPSSLFPRSEFVDLPEIGQCDVSSFDNNPTSSVKASNPTTKSKQYQEDLLEYYRLEALTDNIKQEYFYGRCLAFYLCPSAQRILLFLNSFMAGYGNSFLTSKQGIVSLVNTVYRSVTSYLSPEDRGKMLAKLTRKSSVQFCKAFWNLAELRVVSEAPNVILPSMAVAHSFKLQTKSLQLPLDLNGQENGKEFINIQPPKSHIGTVPLGMRILCRHLRCGLEWARKNESPKFFDSPNFIHQESHHSRTNSIPSYNSWLYPSDDSFNVLDSLNDRRYSYTSFKVLNASKENNTSSKRSPYILFYIHGGGFIALTSQSQDNFLRVWAEQLDCPIIAVDYSLSPEAPYPRALEECYYAYCWITLNREYLGCTPDAKIVLAGDSAGGNLALGVCMRVTCDGLLNKPTGIFLAYTPVLVSLAPSPSRLLSFCDPLLPIGVLSKCLLAYAGVDEATLNCDELTDSKIDDDSANLTSQQNSPIWSRLLSTFWSNTSKEVQTGHFRRYSSISLFPSYGGGDDYFHKQRDQSIPSNLCRLSEEYDTPHKSLKLNESESSKLNSNSQRSKSKMSTSSSSPEYFNCTNFSIKEDEAEEKADNNNNNDSNNSGCNGDEESTPLKHINRPLTDLNRVRNIHIVQNAFISPYLASDDMLRGLPPIVIVCSHFDPFLDDGLELAKRLSKLDISIDLRVLDDLPHAFLNFCLLGPEFQKANKICINLVKNLFNGYYGNK,##Not_transmembrane_protein
EWB00_006232.3,notTm,0,0,768,MFIFYANLIINRYRSGITHWSVIAYINCLMELSVILEVLSSLPRFTNPSSLFPRSEFVDLPEIGQCDVSSFDNNPTSSVKASNPTTKSKQYQEDLLEYYRLEALTDNIKQEYFYGRCLAFYLCPSAQRILLFLNSFMAGYGNSFLTSKQGIVSLVNTVYRSVTSYLSPEDRGKMLAKLTRKSSVQFCKAFWNLAELRVVSEAPNVILPSMAVAHSFKLQTKSLQLPLDLNGQENGKEFINIQPPKSHIGTVPLGMRILCRHLRCGLEWARKNESPKFFDSPNFIHQESHHSRTNSIPSYNSWLYPSDDSFNVLDSLNDRRYSYTSFKVLNASKENNTSSKRSPYILFYIHGGGFIALTSQSQDNFLRVWAEQLDCPIIAVDYSLSPEAPYPRALEECYYAYCWITLNREYLGCTPDAKIVLAGDSAGGNLALGVCMRVTCDGLLNKPTGIFLAYTPVLVSLAPSPSRLLSFCDPLLPIGVLSKCLLAYAGVDEATLNCDELTDSKIDDDSANLTSQQNSPIWSRLLSTFWSNTSKEVQTGHFRRYSSISLFPSYGGGDDYFHKQRDQSIPSNLCRLSEEYDTPHKSLKLNESESSKLNSNSQRSKSKMSTSSSSPEYFNCTNFSIKEDEAEEKADNNNNNDSNNSGCNGDEESTPLKHINRPLTDLNRVRNIHIVQNAFISPYLASDDMLRGLPPIVIVCSHFDPFLDDGLELAKRLSKLDISIDLRVLDDLPHAFLNFCLLGPEFQKANKICINLVKNLFNGYYGNK,##Not_transmembrane_protein
EWB00_011139,notTm,0,0,341,MDEDSTQIQVPEIVEELDYQYKTANWLIKSREPFCLGNDVRKQLLSLLRKQSEFSRTLFKDRGVFKVPFSESIPIEDEYGEYALDWFPPADESIIPTNIVVYIHGGYWQLVGWEESSSWAVPITNAGSIFVSLSYRLAPQEKIELMPQRLCVGMQKVMNLTHKMFNNLDDTKLRITLVGHSAGAHLVLEMIYNAHIQSVPNKDWMRCLRNLVLISGVYDLRPIINTYVNKAIKLRTEEEALSVSPIRHFMQHGPNLLLSKPLHWLVAWAEYESPAMKGQSESLVDLLSSVSKRSEQNMHVEYTYETFYMTNEDHFTSLLGLHNGPTQSTMLKKILDLINTR,##Not_transmembrane_protein
Smp_000130.1,notTm,0,0,872,MHPDELRLYFEKPNSVRILSSKLNMDRTFSMSSASNDEKKESLDSSECIQMVRLCSELHLQCRTYLTIIRTNLEIDDENTESSRSESDIVCALKRLHALLNSDFSSRIKHLYSIAGYYDFGSLRANGIRSFLTITMRCSAVLLTYIRQMSSYSISNWSGITHKSVIAYINCLMELSVCLEVLSYLPRFTKPSTLFPRSEFVDLPEIGHCDVNTFDDKPKNITDACSTIKSKQHEEDLSEFYRLEVLSDSIKQEHFYGRCLAFYLCPSAQRILLFLNSFMAGYGNSFLTSKQGIVSLVNTVYRSVTSYLSPEDRGKMLAKLTRSSSVQFCKAFWNLAELRVVSEAPNVILPSMAVAHSFKLQTKSLKVPLDTNILEDEKEFIVIEPPKSHFGTAPLGMRILCRHLRSGLRWTRTTESPKFFESPNCINQSNHHSSRNSIPSLSSYNSRFFPSNNSSSVVFSNPNDRRYSYESSKFSNTSTENNTNKSPYILFYVHGGGFIALTSQSQDNFLRIWAEQLNCPIIAVDYSLSPEAPYPRALEECYYAYCWITLNRENLGCTSDAKIVLAGDSAGGNLALGVCMRAVRDRLLNKPSGIFLAYTPVLVSFTPSPSRLLSLCDPLLPIGVLSKCLLAYAGIDEARLDSDKLGDNFEVDENPSNLTTEQNSPIWSRLFSTFWSNPPKLDLNNSKELKIGHLRRYSNITMSPLYDTYFQNPKDQSMPSNLYRLSENSHFLHKSPKWNKSEKGKNPDHNEDECTPISKHPRRPPTDLNRIRNIHLIQNGFMSPYLASDDMLRGLPPVVIVCSHFDPFLDDGLELAKRLSKLDVSVDIRVLDDLPHAFLNFCLLGPEFQIANKICIELVKNLFHEYYIKINE,##Not_transmembrane_protein
Smp_074940.1,notTm,0,0,341,MGIIDEGLPEIVDELDYQYRTANWLIKTREPFCLGDDVRGQLLSLLRKQSEFSRTQFKDKGVFKVPFVGSMVFEDGYGDYVLDWFPPSDQSIIPTNIVVYIHGGYWQLVGWGESSNWAVPVTNADSIFVSLSYRLAPKEKLEAMSQSLCLGMQKVMTLTHKMFGNLDDTKLRITLFGHSAGAHLVLEMIYWAHMDLESNNNWLCCLRNLVLMSGVYDLRPIIHTYVNKAIKFKTIEEALSVSPIRHFMQDGLNLLLSKSLHWIVAWAEYESPAMKGQSKSLADLLSKASNRSGQGSPLQFTYETFYMSNEDHFTSLLGLHDGPNHSAILKKIIDLINLKPI,##Not_transmembrane_protein
Smp_125350.1,notTm,0,0,770,MFLVSPLNFEIFCSCLQLLPVISWADQIVIRTNYGAVSGKQKYIHGKNVFQFLGIPFAKPPTGDLRFRYPEPPDPWSNTLDATKPPNTCMQPLPESQEFLDATTRVWLNTTKMSEDCLYLNIWTRANNNNYSHAIDDRNHMMLESSAIFGPKGGRPVMVWIHGGSLIRGSSSIEMYNGAYLAGKMNVVVVSIQYRLGPLGFLYLGNDEIPGNQGLMDQVAGLQWVRENIAYFGGNPQQITLFGHSGGVICVALHLISPISNHLFQQAILQSGSPLAWWAVESSHTALEKTRLLAQLSGCNAVTDSNGQYSKELVKCLQSVDSETLVVNQWHMHLLRNGENSSRTNQLKKLYRNRASHHLLSTAGYYFDLPFKPVVSAPFLPEWPYEVLGSGKLNIRHRIMLGVNKDEGMYHLVQSLRMYFMSPGSWPQIPREFRHDIALMDPLDLLAFYIMDENFLQSVLLQATVFEYQIPSRALGTGSWTSLEVVKALNEVGGDYNIKCPVVEFADFYSRGPNAQVFLYSFEHRTSGLTWPQWTGIMQGYEAEYIFGAPFNQAFTDNYYNFTLEEKRLSEEMMQFWTNFASTGSPNLNPGEFHTRNKELYWDRYETYSPHSVAVLSESSSSSSSSSIAISGVSVSSVLSSSVSSETSSFKTRNDDSRKHMVFTLPRSYISKNLRRHYCMFWREQLPMLRERILYNSACKSRQSTTQYEVTNDIHKQPVESFGTLYPNIIKSSEFNTTKRNQASYNLQLKVNYILSLYIIYYYHDYYFDY,##Not_transmembrane_protein
Smp_154600.1,notTm,0,0,687,MSYGIVMNMNLCIITSFLLLDPVLSSRLNAFQNVNNVLIPSIENTIINNSIAADIDLHNDKTTICSSDNPVVHTSVGIYCGLREIVHWPNGPASMVDVYYGIRYAQSPTGSLRFKKPVEPIPEPKKIFMADKLPPTCPQPKDTMFQNSAAARMWVPNTPMSEDCLFLNIWVPIKESNGSHPNSKEKLAVMLWIYGGSFYMGTSTLSVYDARFLAARQNIIVASMNYRLGSFGFLYMNTEEAPGNMGLWDQRLAMKWIKDHIEHFGGDPYRITLFGESAGAVSVSTHVVSPWSHSYYNNAIMQSGSIFSNWGLATSEVSLNQTQRLAKILGCGYRSSNDQIKCLRSKSITEILDAHDTMYDPASYFSVPFPPVLDNNFFPYENSQSFRQLKYLKPSGALMFGINKNEGSYFLLYAFVSNSKWMKNLTDLPITNRMDYLRCLRQVLDLDDDDERPEFTEPLIRYTDFEYQTYQQLPTLESWTERLEEISSDRSFKCPTINMATAVTNDYRIPGRRRAHTLPVYFYEFQHRTVSLPMPKWTGTMHGYEIEYVFGIPFSPQFQASFYRFTDEERQLSDIMMTYWANFARTGDPNILPDGRHVTDNLNPDDPDEITEDQLKDSLSHKQGSKNPFIGWPEFRNSTKAYIVFRSAPANLLVSTRPRHRQCLFWRRWYPALLQQVERNRQHCLGV,##Not_transmembrane_protein
Smp_331880.1,Prediction,83,1,969,MITMVVYSGRFKVSELIICSLLIGIASTQNWWNFESQINPFKLPVFTPLPSQRFTHIPEVNKYVPMSNDVVVDIPRAGMGKFIGFSTTINYDHTWSRWPPTSGRLVNVFLGIPYAAPPINGRRFRFPVPAYLDTRFPWFAKRFRSACMQPHIWLSRFIPGFTDISEDCLYLNVYYPNNTLDASNTRYPVIVHIHGGSYVYGSSHMYPGLALASKGLVVVTFNYRLGPFGFLSTGDHASIGNYGLWDQLLAITWVKQNIEWFQGDPDKITLMGESAGAASVGLHLISPLTRERYLFNQAIMMSGADLSQWAFSDPVKVRTRYYAIELAQRLNCSSVQINAINESQQYIRNANLYRSYKNKALKLPFGESYVEQRLTVPYSVQVDAYALIYCLRYEKTAEQINDAVLELHSLPGAPSFVWTPVVDGISGFFPRTPAKERSLGNFAKVPLLAGVVQDEGSLALEHFLYKLDQYGYTIENFTDTVVRRFIGTLLNDLNVFRHNQTAEELYTRYTWWSNLENDTARWKRTVDLVSDMEIKSPLDSIVKYHSVYSPSVYFYEFSYSSPNDKQATPEIGIYHGIELPFLFGFPFMNKSTWLTLFGENNPLPRCVSNNYVYPYDTNISEYLLDLWANFVKYGNPTPQNVKNIKWPNFKQPEEAYLHIELNSSIKYHYRSSDMAFWQYRFEELAEPVPASPPIYYYPLINVRLTTLVLGCLLSVALIGLIILIVLLMKRPQPKQFKSSIRHSTPGSEFHTSLKDSFSNPNVYSTKMSTILCPQPSTTTSTLQPLTLGSTLQSPPNIPRISSFAYLKSGDQIRQEPLSLSNSTTSCISYHMSSYPEAKFLNRLSIKQNNTNKHPPPPPIPSNHGKSASGSSNGSLSLISSKSSSPTFGSSMNTSKSHNQRQVKHKHDKNRLIHEDNHHVALSTLNRNESKSSDRLLYTEHTMKNNSIALPITDIHNNNNYDYNPYITDV,OOOOOOOOOOOOOOOOOOOOOOOOOOOOOOOOOOOOOOOOOOOOOOOOOOOOOOOOOOOOOOOOOOOOOOOOOOOOOOOOOOOOOOOOOOOOOOOOOOOOOOOOOOOOOOOOOOOOOOOOOOOOOOOOOOOOOOOOOOOOOOOOOOOOOOOOOOOOOOOOOOOOOOOOOOOOOOOOOOOOOOOOOOOOOOOOOOOOOOOOOOOOOOOOOOOOOOOOOOOOOOOOOOOOOOOOOOOOOOOOOOOOOOOOOOOOOOOOOOOOOOOOOOOOOOOOOOOOOOOOOOOOOOOOOOOOOOOOOOOOOOOOOOOOOOOOOOOOOOOOOOOOOOOOOOOOOOOOOOOOOOOOOOOOOOOOOOOOOOOOOOOOOOOOOOOOOOOOOOOOOOOOOOOOOOOOOOOOOOOOOOOOOOOOOOOOOOOOOOOOOOOOOOOOOOOOOOOOOOOOOOOOOOOOOOOOOOOOOOOOOOOOOOOOOOOOOOOOOOOOOOOOOOOOOOOOOOOOOOOOOOOOOOOOOOOOOOOOOOOOOOOOOOOOOOOOOOOOOOOOOOOOOOOOOOOOOOOOOOOOOOOOOOOOOOOOOOOOOOOOOOOOOOOOOOOOOOOOOOOOOOOOOOOOOOOOOOOOOOOOOOOOOOOOOOOOOOOOOOOOOOOOOOOOOOOOOOOOOOOOOOOOOOOOOOOOOOOOOOOOOOOOOOOOOOOOOOOOOOOOOOOOOOMMMMMMMMMMMMMMMMMMMMMIIIIIIIIIIIIIIIIIIIIIIIIIIIIIIIIIIIIIIIIIIIIIIIIIIIIIIIIIIIIIIIIIIIIIIIIIIIIIIIIIIIIIIIIIIIIIIIIIIIIIIIIIIIIIIIIIIIIIIIIIIIIIIIIIIIIIIIIIIIIIIIIIIIIIIIIIIIIIIIIIIIIIIIIIIIIIIIIIIIIIIIIIIIIIIIIIIIIIIIIIIIIIIIIIIIIIIIIIIIIIIIIIIIIIIIIIIIIIIIIII